create database QLKaraoke
go
use QLKaraoke
GO

CREATE TABLE KhachHang(
	MaKhachHang NVARCHAR(100) PRIMARY KEY,
	TenKhachHang NVARCHAR(100) NOT NULL,
	SoDienThoai NVARCHAR (100) NOT NULL,
	DiaChi NVARCHAR(100) NOT NULL,
	TongTienHoaDon int NOT NULL
)

CREATE TABLE NhaCungCap(
	MaNhaCungCap NVARCHAR(100) PRIMARY KEY,
	TenNhaCungCap NVARCHAR(100) NOT NULL,
	DiaChi NVARCHAR(100) NOT NULL,
	SoDienThoai	NVARCHAR(100) NOT NULL,
)

CREATE TABLE LoaiDichVu(
	MaLoaiDichVu NVARCHAR(100) PRIMARY KEY,
	TenLoaiDichVu NVARCHAR(100) NOT NULL,
	MoTa NVARCHAR(100) NOT NULL
	
)

CREATE TABLE ChucVu(
	MaChucVu NVARCHAR(100) PRIMARY KEY,
	TenChucVu NVARCHAR(100) NOT NULL,
	MoTa NVARCHAR(100) NOT NULL,
	
)


CREATE TABLE NhanVien(
	MaNhanVien NVARCHAR(100) PRIMARY KEY,
	TenNhanVien NVARCHAR(100) NOT NULL,
	DiaChi NVARCHAR(100) NOT NULL,
	SoDienThoai NVARCHAR(100) NOT NULL,
	SoHoaDonLap int NOT NULL,
	TongTienHoaDon int NOT NULL,
	MaChucVu NVARCHAR(100) NOT NULL,
	FOREIGN KEY(MaChucVu) REFERENCES dbo.ChucVu(MaChucVu),
)


CREATE TABLE LoaiPhong(
	MaLoaiPhong NVARCHAR(100) PRIMARY KEY,
	TenLoaiPhong NVARCHAR(100) NOT NULL,
	MoTa NVARCHAR(100) NOT NULL,
	
)
CREATE TABLE Phong(
	MaPhong NVARCHAR(100) PRIMARY KEY,
	TenPhong NVARCHAR(100) NOT NULL,
	MaLoaiPhong NVARCHAR(100)NOT NULL,
	GiaLoaiPhong NVARCHAR(100) NOT NULL,
	FOREIGN KEY(MaLoaiPhong) REFERENCES dbo.LoaiPhong(MaLoaiPhong),
)

CREATE TABLE DichVu(
	MaDichVu NVARCHAR(100) PRIMARY KEY,
	TenDichVu NVARCHAR(100) NOT NULL,
	MoTa NVARCHAR(100) NOT NULL,
	MaLoaiDichVu NVARCHAR(100) NOT NULL,
	MaNhaCungCap NVARCHAR(100) NOT NULL,
	SoLuongTon int NOT NULL,
	Gia int NOT NULL,
	AnhDichVu Nvarchar (100) not null
	FOREIGN KEY(MaLoaiDichVu) REFERENCES dbo.LoaiDichVu(MaLoaiDichVu),
	FOREIGN KEY(MaNhaCungCap) REFERENCES dbo.NhaCungCap(MaNhaCungCap),
	
)
CREATE TABLE HoaDon(
	MaHoaDon NVARCHAR(100) PRIMARY KEY,
	Ngay NVARCHAR(100) NOT NULL,
	MaKhachHang NVARCHAR(100) NOT NULL,
	MaNhanVien NVARCHAR(100) NOT NULL,
	MaPhong NVARCHAR(100) NOT NULL,
	TongTien NVARCHAR (100) NOT NULL,
	TienKhachDua NVARCHAR (100) NOT NULL,
	FOREIGN KEY(MaNhanVien) REFERENCES dbo.NhanVien(MaNhanVien),
	FOREIGN KEY(MaKhachHang) REFERENCES dbo.KhachHang(MaKhachHang),
	FOREIGN KEY(MaPhong) REFERENCES dbo.Phong(MaPhong),
)

CREATE TABLE ChiTietHoaDon(
	MaCTHoaDon NVARCHAR(100) PRIMARY KEY,
	MaDichVu NVARCHAR(100) NOT NULL,
	SoLuong int NOT NULL,
	MaHoaDon NVARCHAR(100) NOT NULL,
	ThanhTien NVARCHAR (100) NOT NULL,
	FOREIGN KEY(MaDichVu) REFERENCES dbo.DichVu(MaDichVu),
	FOREIGN KEY(MaHoaDon) REFERENCES dbo.HoaDon(MaHoaDon),
)

CREATE TABLE PhieuDatPhong(
	MaPhieuDatPhong NVARCHAR(100) PRIMARY KEY,
	MaPhong NVARCHAR(100) NOT NULL,
	MaKhachHang NVARCHAR(100) NOT NULL,
	NgayDat NVARCHAR(100) NOT NULL,
	FOREIGN KEY(MaPhong) REFERENCES dbo.Phong(MaPhong),
	FOREIGN KEY(MaKhachHang) REFERENCES dbo.KhachHang(MaKhachHang),
)

CREATE TABLE PhieuNhapHang (
	MaPhieuNhapHang NVARCHAR (100) PRIMARY KEY,
	ThoiGian NVARCHAR (100) NOT NULL,
	SoLuong int NOT NULL,
	TongTien NVARCHAR(100) NOT NULL,
	MaNhaCungCap NVARCHAR(100) NOT NULL,
	FOREIGN KEY (MaNhaCungCap) REFERENCES dbo.NhaCungCap (MaNhaCungCap),
)


INSERT LoaiDichVu VALUES ('LDV_001',N'Karaoke','')
INSERT LoaiDichVu VALUES ('LDV_002',N'Nước Ngọt','')
INSERT LoaiDichVu VALUES ('LDV_003',N'Trái Cây','')
INSERT LoaiDichVu VALUES ('LDV_004',N'Đồ Ăn','')
INSERT LoaiDichVu VALUES ('LDV_005',N'Khăn Ướt','')
INSERT LoaiDichVu VALUES ('LDV_006',N'Thuốc Lá','')
INSERT LoaiDichVu VALUES ('LDV_007',N'Bia','')
INSERT LoaiDichVu VALUES ('LDV_008',N'Rượu','')
INSERT LoaiDichVu VALUES ('LDV_009',N'Kem','')
INSERT LoaiDichVu VALUES ('LDV_010',N'Kẹo','')

INSERT NhaCungCap VALUES ('NCC_001',N'Minh Long',N'TP.HCM','0909090988')
INSERT NhaCungCap VALUES ('NCC_002',N'Phát Đạt',N'Đà Nẵng','0905696578')
INSERT NhaCungCap VALUES ('NCC_003',N'VinaCook',N'Bà Rịa','0368465465')
INSERT NhaCungCap VALUES ('NCC_004',N'Hồ Tiến',N'Hà Nội','0321104655')
INSERT NhaCungCap VALUES ('NCC_005',N'Tấn Phát',N'TP.HCM','0851326846')
INSERT NhaCungCap VALUES ('NCC_006',N'Phúc Lộc Thọ',N'Đà Nẵng','0905696578')
INSERT NhaCungCap VALUES ('NCC_007',N' Minh Đạt',N'Bà Rịa','0273891731')
INSERT NhaCungCap VALUES ('NCC_008',N'Thế Ân',N'Hà Nội','0382719325')
INSERT NhaCungCap VALUES ('NCC_009',N' Minh Long',N'TP.HCM','0837483923')
INSERT NhaCungCap VALUES ('NCC_0010',N'Hứa Sang',N'Đà Nẵng','0293847382')

INSERT DichVu VALUES ('DV_001',N'Giờ Hát ( VIP )','','LDV_001','NCC_001',0,250000,'hinh/service/micro.png')
INSERT DichVu VALUES ('DV_002',N'Giờ Hát ( Thường )','','LDV_001','NCC_001',0,180000,'hinh/service/micro.png')
INSERT DichVu VALUES ('DV_003',N'Trà Olong','','LDV_001','NCC_001',40,15000,'hinh/service/traolong.png')
INSERT DichVu VALUES ('DV_004',N'Sting','','LDV_001','NCC_001',40,15000,'hinh/service/sting.png')
INSERT DichVu VALUES ('DV_005',N'7 Up ','','LDV_001','NCC_001',40,15000,'hinh/service/7 up.png')
INSERT DichVu VALUES ('DV_006',N'Nước cam','','LDV_001', 'NCC_001',40,20000,'hinh/service/nuoccam.png')
INSERT DichVu VALUES ('DV_007',N'Bia Tiger','','LDV_001', 'NCC_001',40,25000,'hinh/service/Tiger.png')
INSERT DichVu VALUES ('DV_008',N'Bia SaiGon','','LDV_001', 'NCC_002',40,22000,'hinh/service/saigonxanh.png')
INSERT DichVu VALUES ('DV_009',N'Bia 333','','LDV_001', 'NCC_002',40,20000,'hinh/service/333.png')
INSERT DichVu VALUES ('DV_010',N'Chivas','','LDV_001', 'NCC_002',40,140000,'hinh/service/Chivas.png')
INSERT DichVu VALUES ('DV_011',N'Korbell','','LDV_001', 'NCC_002',40,200000,'hinh/service/Korbell.png')
INSERT DichVu VALUES ('DV_012',N'Redlabel','','LDV_001', 'NCC_002',40,700000,'hinh/service/Redlabel.png')
INSERT DichVu VALUES ('DV_013',N'Nước lavie','','LDV_001', 'NCC_003',40,20000,'hinh/service/nuocloc.png')
INSERT DichVu VALUES ('DV_014',N'Trái cây','','LDV_001', 'NCC_003',40,80000,'hinh/service/traicay.png')
INSERT DichVu VALUES ('DV_015',N'Cơm chiên','','LDV_001', 'NCC_003',40,100000,'hinh/service/comchien.png')
INSERT DichVu VALUES ('DV_016',N'Mì xào','','LDV_001', 'NCC_003',40,120000,'hinh/service/mixao.png')
INSERT DichVu VALUES ('DV_017',N'Tôm chiên','','LDV_001', 'NCC_003',40,80000,'hinh/service/tomchien.png')
INSERT DichVu VALUES ('DV_018',N'Đồ chiên','','LDV_001', 'NCC_003',40,50000,'hinh/service/dochien.png')
INSERT DichVu VALUES ('DV_019',N'Mực nướng','','LDV_001', 'NCC_003',40,80000,'hinh/service/muc.png')
INSERT DichVu VALUES ('DV_020',N'Bắp bê','','LDV_001', 'NCC_003',40,50000,'hinh/service/bapbe.png')
INSERT DichVu VALUES ('DV_021',N'Kem vani','','LDV_001', 'NCC_003',40,50000,'hinh/service/kemvani.png')
INSERT DichVu VALUES ('DV_022',N'Kem socola','','LDV_001', 'NCC_004',40,12000,'hinh/service/kemsocola.png')
INSERT DichVu VALUES ('DV_023',N'Kem dâu','','LDV_001', 'NCC_004',40,12000,'hinh/service/kemdau.png')
INSERT DichVu VALUES ('DV_024',N'Thuốc Jet','','LDV_001', 'NCC_004',40,30000,'hinh/service/jet.png')
INSERT DichVu VALUES ('DV_025',N'Thuốc Mèo','','LDV_001', 'NCC_004',40,25000,'hinh/service/meo.png')
INSERT DichVu VALUES ('DV_026',N'Thuốc 555','','LDV_001', 'NCC_004',40,45000,'hinh/service/555.png')
INSERT DichVu VALUES ('DV_027',N'Khăn ướt','','LDV_001', 'NCC_004',40,3000,'hinh/service/khan.png')
INSERT DichVu VALUES ('DV_028',N'Đậu phộng','','LDV_001', 'NCC_004',40,15000,'hinh/service/dauphong.png')
INSERT DichVu VALUES ('DV_029',N'Mực bento','','LDV_001', 'NCC_004',40,30000,'hinh/service/mucbento.png')
INSERT DichVu VALUES ('DV_030',N'Bánh orion','','LDV_001', 'NCC_004',40,25000,'hinh/service/orion.png')
INSERT DichVu VALUES ('DV_031',N'Kẹo sigum','','LDV_001', 'NCC_001',40,50000,'hinh/service/sigum.png')
INSERT DichVu VALUES ('DV_032',N'Snack khoai tây','','LDV_001', 'NCC_001',40,15000,'hinh/service/snackkhoaitay.png')
INSERT DichVu VALUES ('DV_033',N'Snack rongbien','','LDV_001', 'NCC_001',40,15000,'hinh/service/snackrongbien.png')
INSERT DichVu VALUES ('DV_034',N'CocaCola','','LDV_001','NCC_001',40,20000,'hinh/service/CocaCola.png')

INSERT ChucVu VALUES ('CV_001',N'Nhân Viên Quản Lí','')
INSERT ChucVu VALUES ('CV_002',N'Nhân Viên Bán Hàng','')
INSERT ChucVu VALUES ('CV_003',N'Nhân Viên Phục Vụ','')
INSERT ChucVu VALUES ('CV_004',N'Nhân Viên Tạp Vụ','')

INSERT LoaiPhong VALUES ('LP_001',N'Phòng VIP','')
INSERT LoaiPhong VALUES ('LP_002',N'Phòng Thường','')


INSERT NhanVien VALUES ('NV_001',N'Vũ Tiến Đức',N'TP.HCM','0967664653', 0, 0, 'CV_001')
INSERT NhanVien VALUES ('NV_002',N'Lê Gia Thắng',N'Thanh Hóa','0126865672', 0, 0, 'CV_002')
INSERT NhanVien VALUES ('NV_003',N'Lê Xuân Tuấn Anh',N'Nghệ An','0164538634', 0, 0, 'CV_002')
INSERT NhanVien VALUES ('NV_004',N'Đinh Dương',N'Hà Tĩnh','083453232', 0, 0, 'CV_002')
INSERT NhanVien VALUES ('NV_005',N'Nguyễn Hữu Nam',N'Tiền Giang','076545338', 0, 0, 'CV_002')
INSERT NhanVien VALUES ('NV_006',N'Nguyễn Thị Thanh',N'Bình Phước','0879431264', 0, 0, 'CV_002')
INSERT NhanVien VALUES ('NV_007',N'Lê Thị Tuyết',N'Hậu Giang','068631555', 0, 0, 'CV_002')
INSERT NhanVien VALUES ('NV_008',N'Lê Thanh Phương',N'Bến Trê','032646345', 0, 0, 'CV_002')
INSERT NhanVien VALUES ('NV_009',N'Nguyễn Đức Tài',N'Bạc Liêu','063765316', 0, 0, 'CV_002')
INSERT NhanVien VALUES ('NV_010',N'Lê Huy Phan',N'Hà Nam','0913313564', 0, 0, 'CV_002')

INSERT NhanVien VALUES ('NV_011',N'Lê Nghĩa',N'Đà Nẵng','0963656533', 0, 0, 'CV_002')
INSERT NhanVien VALUES ('NV_012',N'Thái Quang Hiệp',N'Quảng Nam','0126865672', 0, 0, 'CV_003')
INSERT NhanVien VALUES ('NV_013',N'Nguyễn Tuấn Anh',N'Nghệ An','0389273802', 0, 0, 'CV_003')
INSERT NhanVien VALUES ('NV_014',N'Trúc My',N'Hà Tĩnh','083728402', 0, 0, 'CV_004')
INSERT NhanVien VALUES ('NV_015',N'Nguyễn Hữu Tân',N'Tiền Giang','0837283723', 0, 0, 'CV_004')
INSERT NhanVien VALUES ('NV_016',N'Phạm Đức Nhân',N'Bình Phước','0938428493', 0, 0, 'CV_004')
INSERT NhanVien VALUES ('NV_017',N'Thái Tuấn Đức',N'Sài Gòn','0823719823', 0, 0, 'CV_002')
INSERT NhanVien VALUES ('NV_018',N'Lê Thanh Thủy',N'Bến Trê','0384927342', 0, 0, 'CV_003')
INSERT NhanVien VALUES ('NV_019',N'Nguyễn Đức Tuấn',N'Bạc Liêu','0382482934', 0, 0, 'CV_003')
INSERT NhanVien VALUES ('NV_020',N'Lê Huy Thành',N'Hà Nam','0913883029', 0, 0, 'CV_002')

INSERT Phong VALUES ('P_001','VIP 1','LP_001',200000)
INSERT Phong VALUES ('P_002','VIP 2','LP_001',200000)
INSERT Phong VALUES ('P_003','VIP 3','LP_001',200000)
INSERT Phong VALUES ('P_004','VIP 4','LP_001',200000)
INSERT Phong VALUES ('P_005','VIP 5','LP_001',200000)
INSERT Phong VALUES ('P_006','VIP 6','LP_001',200000)
INSERT Phong VALUES ('P_007','VIP 7','LP_001',200000)
INSERT Phong VALUES ('P_008','VIP 8','LP_001',200000)
INSERT Phong VALUES ('P_009','VIP 9','LP_001',200000)
INSERT Phong VALUES ('P_010','Phòng 10','LP_002',100000)
INSERT Phong VALUES ('P_011','Phòng 11','LP_002',100000)
INSERT Phong VALUES ('P_012','Phòng 12','LP_002',100000)
INSERT Phong VALUES ('P_013','Phòng 13','LP_002',100000)
INSERT Phong VALUES ('P_014','Phòng 14','LP_002',100000)
INSERT Phong VALUES ('P_015','Phòng 15','LP_002',100000)
INSERT Phong VALUES ('P_016','Phòng 16','LP_002',100000)
INSERT Phong VALUES ('P_017','Phòng 17','LP_002',100000)
INSERT Phong VALUES ('P_018','Phòng 18','LP_002',100000)
INSERT Phong VALUES ('P_019','Phòng 19','LP_002',100000)
INSERT Phong VALUES ('P_020','Phòng 20','LP_002',100000)
INSERT Phong VALUES ('P_021','Phòng 21','LP_002',100000)
INSERT Phong VALUES ('P_022','Phòng 22','LP_002',100000)
INSERT Phong VALUES ('P_023','Phòng 23','LP_002',100000)
INSERT Phong VALUES ('P_024','Phòng 24','LP_002',100000)
INSERT Phong VALUES ('P_025','Phòng 25','LP_002',100000)
INSERT Phong VALUES ('P_026','Phòng 26','LP_002',100000)
INSERT Phong VALUES ('P_027','Phòng 27','LP_002',100000)
INSERT Phong VALUES ('P_028','Phòng 28','LP_002',100000)
INSERT Phong VALUES ('P_029','Phòng 29','LP_002',100000)
INSERT Phong VALUES ('P_030','Phòng 30','LP_002',100000)
INSERT Phong VALUES ('P_031','Phòng 31','LP_002',100000)
INSERT Phong VALUES ('P_032','Phòng 32','LP_002',100000)

INSERT KhachHang VALUES ('KH_001', N'Vũ Tiến Đức', '0902491471', N'Bình Dương', 0)
INSERT KhachHang VALUES ('KH_002', N'Phùng Ánh Minh', '0585961537', N'Quận 4', 0)
INSERT KhachHang VALUES ('KH_003', N'Lê Xuân Tuấn Anh', '0989273817', N'Quận Thủ Đức', 0)
INSERT KhachHang VALUES ('KH_004', N'Thái Quang Bảo', '0913829362', N'Quận Gò Vấp', 0)
INSERT KhachHang VALUES ('KH_005', N'Peter Jeck', '02938273618', N'NewYork', 0)
INSERT KhachHang VALUES ('KH_006', N'Emma Waston', '0382736177', N'Chicago', 0)

INSERT KhachHang VALUES ('KH_007', N'Phạm Thanh Nhật', '0928394759', N'Lâm Đồng', 0)
INSERT KhachHang VALUES ('KH_008', N'Phạm Ngọc Huy Hoàng', '0829371982', N'Đà Lạt', 0)
INSERT KhachHang VALUES ('KH_009', N'Nguyễn Hoàng Huy', '0928372374', N'Tây Ninh', 0)
INSERT KhachHang VALUES ('KH_010', N'Vũ Trường Huy', '0928393855', N'Sài Gòn', 0)
INSERT KhachHang VALUES ('KH_011', N'Nguyễn Thái Tuấn Anh', '0283888231', N'Cà Mau', 0)
INSERT KhachHang VALUES ('KH_012', N'Nguyễn Văn Đại', '0902491471', N'Tây Ninh', 0)

INSERT KhachHang VALUES ('KH_013', N'Vũ Trường Huy', '0988273817', N'Vũng Tàu', 0)
INSERT KhachHang VALUES ('KH_014', N'Lê văn Lộc', '0352001067', N'Bình Thuận', 0)
INSERT KhachHang VALUES ('KH_015', N'Nguyễn Thị Ngạnh', '0827733699', N'Huế', 0)
INSERT KhachHang VALUES ('KH_016', N'Lê Thảo My', '0475886535', N'Quận Gò Vấp,TP.Hồ Chí Minh', 0)
INSERT KhachHang VALUES ('KH_017', N'Nguyễn Minh Hiền', '0384728833', N'Quận 3,TP.Hồ Chí Minh', 0)
INSERT KhachHang VALUES ('KH_018', N'Thiên Ân', '0387482932', N'Lào Cai', 0)
INSERT KhachHang VALUES ('KH_019', N'Nguyễn Ngọc Điệp', '0489943451', N'Bình Dương', 0)
INSERT KhachHang VALUES ('KH_020', N'Trương Thị Cẩm Nhung', '0837462743', N'Bình Thuận', 0)




INSERT PhieuNhapHang VALUES ('PNH_001', '16 : 30 ( 29/01/2022 )', 40 ,'8,000,000 VND', 'NCC_001')
INSERT PhieuNhapHang VALUES ('PNH_002', '17 : 30 ( 27/01/2022 )', 40 ,'8,000,000 VND', 'NCC_002')
INSERT PhieuNhapHang VALUES ('PNH_003', '18 : 30 ( 20/01/2022 )', 40 ,'8,000,000 VND', 'NCC_002')
INSERT PhieuNhapHang VALUES ('PNH_004', '19 : 30 ( 21/01/2022 )', 40 ,'3,500,000 VND', 'NCC_004')
INSERT PhieuNhapHang VALUES ('PNH_005', '20 : 30 ( 02/01/2022 )', 40 ,'8,000,000 VND', 'NCC_003')
INSERT PhieuNhapHang VALUES ('PNH_006', '21 : 30 ( 12/01/2022 )', 40 ,'1,400,000 VND', 'NCC_004')
INSERT PhieuNhapHang VALUES ('PNH_007', '22 : 30 ( 25/01/2022 )', 40 ,'1,300,000 VND', 'NCC_004')
INSERT PhieuNhapHang VALUES ('PNH_008', '00 : 30 ( 18/01/2022 )', 29 ,'1,400,000 VND', 'NCC_004')
INSERT PhieuNhapHang VALUES ('PNH_009', '02 : 30 ( 27/01/2022 )', 30 ,'1,400,000 VND', 'NCC_001')
INSERT PhieuNhapHang VALUES ('PNH_010', '09 : 30 ( 27/01/2022 )', 31 ,'2,7000,000 VND', 'NCC_002')
INSERT PhieuNhapHang VALUES ('PNH_011', '10 : 30 ( 25/02/2022 )', 32 ,'8,000,000 VND', 'NCC_004')

INSERT PhieuNhapHang VALUES ('PNH_034', '13 : 30 ( 14/03/2022 )', 20 ,'2,700,000 VND', 'NCC_005')
INSERT PhieuNhapHang VALUES ('PNH_035', '13 : 30 ( 25/03/2022 )', 20 ,'3,000,000 VND', 'NCC_003')
INSERT PhieuNhapHang VALUES ('PNH_036', '16 : 30 ( 29/03/2022 )', 23 ,'2,000,000 VND', 'NCC_001')
INSERT PhieuNhapHang VALUES ('PNH_037', '17 : 30 ( 27/03/2022 )', 24 ,'3,000,000 VND', 'NCC_002')
INSERT PhieuNhapHang VALUES ('PNH_038', '18 : 30 ( 20/03/2022 )', 22 ,'2,000,000 VND', 'NCC_002')
INSERT PhieuNhapHang VALUES ('PNH_039', '19 : 30 ( 21/03/2022 )', 27 ,'3,500,000 VND', 'NCC_004')

INSERT PhieuNhapHang VALUES ('PNH_040', '20 : 30 ( 02/03/2022 )', 24 ,'3,000,000 VND', 'NCC_003')
INSERT PhieuNhapHang VALUES ('PNH_041', '21 : 30 ( 12/03/2022 )', 23 ,'3,400,000 VND', 'NCC_004')
INSERT PhieuNhapHang VALUES ('PNH_042', '22 : 30 ( 25/03/2022 )', 28 ,'3,300,000 VND', 'NCC_004')
INSERT PhieuNhapHang VALUES ('PNH_043', '00 : 30 ( 18/03/2022 )', 29 ,'3,400,000 VND', 'NCC_004')
INSERT PhieuNhapHang VALUES ('PNH_044', '02 : 30 ( 27/03/2022 )', 30 ,'3,400,000 VND', 'NCC_001')
INSERT PhieuNhapHang VALUES ('PNH_045', '09 : 30 ( 27/03/2022 )', 31 ,'6,000,000 VND', 'NCC_002')

INSERT PhieuNhapHang VALUES ('PNH_046', '10 : 30 ( 25/04/2022 )', 32 ,'6,000,000 VND', 'NCC_004')
INSERT PhieuNhapHang VALUES ('PNH_047', '11 : 30 ( 15/04/2022 )', 23 ,'4,400,000 VND', 'NCC_003')
INSERT PhieuNhapHang VALUES ('PNH_048', '12 : 30 ( 12/04/2022 )', 21 ,'4,500,000 VND', 'NCC_003')
INSERT PhieuNhapHang VALUES ('PNH_049', '13 : 30 ( 14/04/2022 )', 20 ,'4,700,000 VND', 'NCC_005')
INSERT PhieuNhapHang VALUES ('PNH_050', '13 : 30 ( 25/04/2022 )', 20 ,'6,000,000 VND', 'NCC_003')
INSERT PhieuNhapHang VALUES ('PNH_051', '12 : 30 ( 12/04/2022 )', 21 ,'4,500,000 VND', 'NCC_003')
INSERT PhieuNhapHang VALUES ('PNH_052', '13 : 30 ( 14/04/2022 )', 20 ,'4,700,000 VND', 'NCC_005')

INSERT PhieuNhapHang VALUES ('PNH_058', '10 : 30 ( 25/05/2022 )', 32 ,'6,000,000 VND', 'NCC_004')
INSERT PhieuNhapHang VALUES ('PNH_059', '11 : 30 ( 15/05/2022 )', 23 ,'4,400,000 VND', 'NCC_003')
INSERT PhieuNhapHang VALUES ('PNH_060', '12 : 30 ( 12/05/2022 )', 21 ,'4,500,000 VND', 'NCC_003')
INSERT PhieuNhapHang VALUES ('PNH_061', '13 : 30 ( 14/05/2022 )', 20 ,'4,700,000 VND', 'NCC_005')
INSERT PhieuNhapHang VALUES ('PNH_062', '13 : 30 ( 25/05/2022 )', 20 ,'6,000,000 VND', 'NCC_003')
INSERT PhieuNhapHang VALUES ('PNH_063', '12 : 30 ( 12/05/2022 )', 21 ,'4,500,000 VND', 'NCC_003')
INSERT PhieuNhapHang VALUES ('PNH_064', '13 : 30 ( 14/05/2022 )', 20 ,'4,700,000 VND', 'NCC_005')

INSERT PhieuNhapHang VALUES ('PNH_071', '10 : 30 ( 25/06/2022 )', 32 ,'6,000,000 VND', 'NCC_004')
INSERT PhieuNhapHang VALUES ('PNH_072', '11 : 30 ( 15/06/2022 )', 23 ,'4,400,000 VND', 'NCC_003')
INSERT PhieuNhapHang VALUES ('PNH_073', '12 : 30 ( 12/06/2022 )', 21 ,'4,500,000 VND', 'NCC_003')
INSERT PhieuNhapHang VALUES ('PNH_074', '13 : 30 ( 14/06/2022 )', 20 ,'4,700,000 VND', 'NCC_005')
INSERT PhieuNhapHang VALUES ('PNH_075', '13 : 30 ( 25/06/2022 )', 20 ,'6,000,000 VND', 'NCC_003')
INSERT PhieuNhapHang VALUES ('PNH_076', '12 : 30 ( 12/06/2022 )', 21 ,'4,500,000 VND', 'NCC_003')
INSERT PhieuNhapHang VALUES ('PNH_077', '13 : 30 ( 14/06/2022 )', 20 ,'4,700,000 VND', 'NCC_005')
INSERT PhieuNhapHang VALUES ('PNH_078', '13 : 30 ( 25/06/2022 )', 20 ,'4,500,000 VND', 'NCC_003')

INSERT PhieuNhapHang VALUES ('PNH_086', '13 : 30 ( 25/07/2022 )', 50 ,'9,000,000 VND', 'NCC_003')
INSERT PhieuNhapHang VALUES ('PNH_087', '12 : 30 ( 12/07/2022 )', 51 ,'5,500,000 VND', 'NCC_003')
INSERT PhieuNhapHang VALUES ('PNH_088', '13 : 30 ( 14/07/2022 )', 50 ,'5,700,000 VND', 'NCC_005')
INSERT PhieuNhapHang VALUES ('PNH_089', '13 : 30 ( 25/07/2022 )', 50 ,'5,500,000 VND', 'NCC_003')
INSERT PhieuNhapHang VALUES ('PNH_090', '13 : 30 ( 25/07/2022 )', 50 ,'5,000,000 VND', 'NCC_003')
INSERT PhieuNhapHang VALUES ('PNH_091', '12 : 30 ( 12/07/2022 )', 51 ,'5,500,000 VND', 'NCC_003')
INSERT PhieuNhapHang VALUES ('PNH_092', '13 : 30 ( 14/07/2022 )', 50 ,'4,700,000 VND', 'NCC_005')

INSERT PhieuNhapHang VALUES ('PNH_096', '13 : 30 ( 25/08/2022 )', 60 ,'7,000,000 VND', 'NCC_003')
INSERT PhieuNhapHang VALUES ('PNH_097', '12 : 30 ( 12/08/2022 )', 61 ,'5,500,000 VND', 'NCC_003')
INSERT PhieuNhapHang VALUES ('PNH_098', '13 : 30 ( 14/08/2022 )', 60 ,'5,700,000 VND', 'NCC_005')
INSERT PhieuNhapHang VALUES ('PNH_099', '13 : 30 ( 25/08/2022 )', 60 ,'5,500,000 VND', 'NCC_003')
INSERT PhieuNhapHang VALUES ('PNH_100', '13 : 30 ( 25/08/2022 )', 60 ,'5,000,000 VND', 'NCC_003')
INSERT PhieuNhapHang VALUES ('PNH_101', '12 : 30 ( 12/08/2022 )', 61 ,'5,500,000 VND', 'NCC_003')
INSERT PhieuNhapHang VALUES ('PNH_102', '13 : 30 ( 14/08/2022 )', 60 ,'4,700,000 VND', 'NCC_005')

INSERT PhieuNhapHang VALUES ('PNH_106', '13 : 30 ( 25/09/2022 )', 60 ,'7,000,000 VND', 'NCC_003')
INSERT PhieuNhapHang VALUES ('PNH_107', '12 : 30 ( 12/09/2022 )', 61 ,'6,500,000 VND', 'NCC_003')
INSERT PhieuNhapHang VALUES ('PNH_108', '13 : 30 ( 14/09/2022 )', 60 ,'6,700,000 VND', 'NCC_005')
INSERT PhieuNhapHang VALUES ('PNH_109', '13 : 30 ( 25/09/2022 )', 60 ,'6,500,000 VND', 'NCC_003')
INSERT PhieuNhapHang VALUES ('PNH_110', '13 : 30 ( 25/09/2022 )', 60 ,'6,000,000 VND', 'NCC_003')
INSERT PhieuNhapHang VALUES ('PNH_111', '12 : 30 ( 12/09/2022 )', 61 ,'6,500,000 VND', 'NCC_003')


INSERT PhieuNhapHang VALUES ('PNH_116', '13 : 30 ( 25/10/2022 )', 60 ,'7,000,000 VND', 'NCC_003')
INSERT PhieuNhapHang VALUES ('PNH_117', '12 : 30 ( 12/10/2022 )', 61 ,'7,500,000 VND', 'NCC_003')
INSERT PhieuNhapHang VALUES ('PNH_118', '13 : 30 ( 14/10/2022 )', 60 ,'7,700,000 VND', 'NCC_005')
INSERT PhieuNhapHang VALUES ('PNH_119', '13 : 30 ( 25/10/2022 )', 60 ,'7,500,000 VND', 'NCC_003')
INSERT PhieuNhapHang VALUES ('PNH_120', '13 : 30 ( 25/10/2022 )', 60 ,'7,000,000 VND', 'NCC_003')
INSERT PhieuNhapHang VALUES ('PNH_121', '12 : 30 ( 12/10/2022 )', 61 ,'7,500,000 VND', 'NCC_003')
INSERT PhieuNhapHang VALUES ('PNH_122', '13 : 30 ( 14/10/2022 )', 60 ,'7,700,000 VND', 'NCC_005')

INSERT PhieuNhapHang VALUES ('PNH_126', '13 : 30 ( 25/11/2022 )', 60 ,'7,000,000 VND', 'NCC_003')
INSERT PhieuNhapHang VALUES ('PNH_127', '12 : 30 ( 12/11/2022 )', 61 ,'7,500,000 VND', 'NCC_003')
INSERT PhieuNhapHang VALUES ('PNH_128', '13 : 30 ( 14/11/2022 )', 60 ,'7,700,000 VND', 'NCC_005')
INSERT PhieuNhapHang VALUES ('PNH_129', '13 : 30 ( 25/11/2022 )', 60 ,'6,500,000 VND', 'NCC_003')
INSERT PhieuNhapHang VALUES ('PNH_130', '13 : 30 ( 25/11/2022 )', 60 ,'6,000,000 VND', 'NCC_003')
INSERT PhieuNhapHang VALUES ('PNH_141', '12 : 30 ( 12/11/2022 )', 61 ,'7,500,000 VND', 'NCC_003')
INSERT PhieuNhapHang VALUES ('PNH_142', '13 : 30 ( 14/11/2022 )', 60 ,'7,700,000 VND', 'NCC_005')
INSERT PhieuNhapHang VALUES ('PNH_143', '13 : 30 ( 25/11/2022 )', 60 ,'6,000,000 VND', 'NCC_003')

INSERT PhieuNhapHang VALUES ('PNH_146', '13 : 30 ( 25/12/2022 )', 60 ,'7,000,000 VND', 'NCC_003')
INSERT PhieuNhapHang VALUES ('PNH_147', '12 : 30 ( 12/12/2022 )', 61 ,'7,500,000 VND', 'NCC_003')
INSERT PhieuNhapHang VALUES ('PNH_148', '13 : 30 ( 14/12/2022 )', 60 ,'7,700,000 VND', 'NCC_005')
INSERT PhieuNhapHang VALUES ('PNH_149', '13 : 30 ( 25/12/2022 )', 60 ,'7,500,000 VND', 'NCC_003')
INSERT PhieuNhapHang VALUES ('PNH_150', '13 : 30 ( 25/12/2022 )', 60 ,'7,000,000 VND', 'NCC_003')

INSERT HoaDon VALUES('HD_001','22 : 25 ( 23/01/2022 )  -  22 : 26 ( 23/01/2022 )','KH_001','NV_001', 'P_007', '3,500,000 VND', '6,000,000 VND')
INSERT HoaDon VALUES('HD_002','22 : 25 ( 23/01/2022 )  -  22 : 26 ( 23/01/2022 )','KH_001','NV_001', 'P_007', '1,700,000 VND', '6,000,000 VND')
INSERT HoaDon VALUES('HD_003','22 : 25 ( 23/01/2022 )  -  22 : 26 ( 23/01/2022 )','KH_001','NV_001', 'P_007', '4,200,000 VND', '6,000,000 VND')
INSERT HoaDon VALUES('HD_004','22 : 25 ( 23/01/2022 )  -  22 : 26 ( 23/01/2022 )','KH_001','NV_001', 'P_007', '4,200,000 VND', '6,000,000 VND')
INSERT HoaDon VALUES('HD_005','22 : 25 ( 23/01/2022 )  -  22 : 26 ( 23/01/2022 )','KH_001','NV_001', 'P_007', '4,200,000 VND', '6,000,000 VND')
INSERT HoaDon VALUES('HD_006','22 : 25 ( 23/01/2022 )  -  22 : 26 ( 23/01/2022 )','KH_001','NV_001', 'P_007', '4,200,000 VND', '6,000,000 VND')
INSERT HoaDon VALUES('HD_007','22 : 25 ( 23/01/2022 )  -  22 : 26 ( 23/01/2022 )','KH_001','NV_001', 'P_007', '4,200,000 VND', '6,000,000 VND')
INSERT HoaDon VALUES('HD_008','22 : 25 ( 23/01/2022 )  -  22 : 26 ( 23/01/2022 )','KH_001','NV_001', 'P_007', '4,200,000 VND', '6,000,000 VND')
INSERT HoaDon VALUES('HD_009','22 : 25 ( 23/01/2022 )  -  22 : 26 ( 23/01/2022 )','KH_001','NV_001', 'P_007', '4,200,000 VND', '6,000,000 VND')
INSERT HoaDon VALUES('HD_010','22 : 25 ( 23/01/2022 )  -  22 : 26 ( 23/01/2022 )','KH_001','NV_001', 'P_007', '4,200,000 VND', '6,000,000 VND')
INSERT HoaDon VALUES('HD_011','22 : 25 ( 23/01/2022 )  -  22 : 26 ( 23/01/2022 )','KH_001','NV_001', 'P_007', '4,200,000 VND', '6,000,000 VND')
INSERT HoaDon VALUES('HD_012','22 : 25 ( 23/01/2022 )  -  22 : 26 ( 23/01/2022 )','KH_001','NV_001', 'P_007', '4,200,000 VND', '6,000,000 VND')
INSERT HoaDon VALUES('HD_013','22 : 25 ( 23/01/2022 )  -  22 : 26 ( 23/01/2022 )','KH_001','NV_001', 'P_007', '4,200,000 VND', '6,000,000 VND')
INSERT HoaDon VALUES('HD_014','22 : 25 ( 23/01/2022 )  -  22 : 26 ( 23/01/2022 )','KH_001','NV_001', 'P_007', '4,200,000 VND', '6,000,000 VND')
INSERT HoaDon VALUES('HD_015','22 : 25 ( 23/01/2022 )  -  22 : 26 ( 23/01/2022 )','KH_001','NV_001', 'P_007', '4,200,000 VND', '6,000,000 VND')
INSERT HoaDon VALUES('HD_016','22 : 25 ( 23/01/2022 )  -  22 : 26 ( 23/01/2022 )','KH_001','NV_001', 'P_007', '4,200,000 VND', '6,000,000 VND')
INSERT HoaDon VALUES('HD_017','22 : 25 ( 23/01/2022 )  -  22 : 26 ( 23/01/2022 )','KH_001','NV_001', 'P_007', '4,200,000 VND', '6,000,000 VND')
INSERT HoaDon VALUES('HD_018','22 : 25 ( 23/01/2022 )  -  22 : 26 ( 23/01/2022 )','KH_001','NV_001', 'P_007', '4,200,000 VND', '6,000,000 VND')
INSERT HoaDon VALUES('HD_029','22 : 25 ( 23/01/2022 )  -  22 : 26 ( 23/01/2022 )','KH_001','NV_001', 'P_007', '2,700,000 VND', '6,000,000 VND')




INSERT HoaDon VALUES('HD_030','22 : 25 ( 18/02/2022 )  -  22 : 26 ( 18/02/2022 )','KH_001','NV_001', 'P_007', '8,000,000 VND', '6,000,000 VND')
INSERT HoaDon VALUES('HD_031','22 : 25 ( 18/02/2022 )  -  22 : 26 ( 18/02/2022 )','KH_001','NV_001', 'P_007', '8,000,000 VND', '6,000,000 VND')
INSERT HoaDon VALUES('HD_032','22 : 25 ( 18/02/2022 )  -  22 : 26 ( 18/02/2022 )','KH_001','NV_001', 'P_007', '8,000,000 VND', '6,000,000 VND')
INSERT HoaDon VALUES('HD_033','22 : 25 ( 18/02/2022 )  -  22 : 26 ( 18/02/2022 )','KH_001','NV_001', 'P_007', '8,000,000 VND', '6,000,000 VND')
INSERT HoaDon VALUES('HD_034','22 : 25 ( 18/02/2022 )  -  22 : 26 ( 18/02/2022 )','KH_001','NV_001', 'P_007', '8,000,000 VND', '6,000,000 VND')
INSERT HoaDon VALUES('HD_035','22 : 25 ( 18/02/2022 )  -  22 : 26 ( 18/02/2022 )','KH_001','NV_001', 'P_007', '8,000,000 VND', '6,000,000 VND')
INSERT HoaDon VALUES('HD_036','22 : 25 ( 18/02/2022 )  -  22 : 26 ( 18/02/2022 )','KH_001','NV_001', 'P_007', '2,000,000 VND', '6,000,000 VND')
INSERT HoaDon VALUES('HD_037','22 : 25 ( 18/02/2022 )  -  22 : 26 ( 18/02/2022 )','KH_001','NV_001', 'P_007', '2,000,000 VND', '6,000,000 VND')
INSERT HoaDon VALUES('HD_038','22 : 25 ( 18/02/2022 )  -  22 : 26 ( 18/02/2022 )','KH_001','NV_001', 'P_007', '2,000,000 VND', '6,000,000 VND')
INSERT HoaDon VALUES('HD_039','22 : 25 ( 18/02/2022 )  -  22 : 26 ( 18/02/2022 )','KH_001','NV_001', 'P_007', '2,000,000 VND', '6,000,000 VND')
INSERT HoaDon VALUES('HD_040','22 : 25 ( 18/02/2022 )  -  22 : 26 ( 18/02/2022 )','KH_001','NV_001', 'P_007', '2,000,000 VND', '6,000,000 VND')
INSERT HoaDon VALUES('HD_041','22 : 25 ( 18/02/2022 )  -  22 : 26 ( 18/02/2022 )','KH_001','NV_001', 'P_007', '2,000,000 VND', '6,000,000 VND')
INSERT HoaDon VALUES('HD_042','22 : 25 ( 18/02/2022 )  -  22 : 26 ( 18/02/2022 )','KH_001','NV_001', 'P_007', '2,000,000 VND', '6,000,000 VND')
INSERT HoaDon VALUES('HD_043','22 : 25 ( 18/02/2022 )  -  22 : 26 ( 18/02/2022 )','KH_001','NV_001', 'P_007', '2,000,000 VND', '6,000,000 VND')




INSERT HoaDon VALUES('HD_052','22 : 25 ( 03/03/2022 )  -  22 : 26 ( 03/03/2022 )','KH_002','NV_001', 'P_007', '3,700,000 VND', '6,000,000 VND')
INSERT HoaDon VALUES('HD_053','22 : 25 ( 03/03/2022 )  -  22 : 26 ( 03/03/2022 )','KH_002','NV_001', 'P_007', '3,700,000 VND', '6,000,000 VND')
INSERT HoaDon VALUES('HD_054','22 : 25 ( 03/03/2022 )  -  22 : 26 ( 03/03/2022 )','KH_002','NV_001', 'P_007', '1,700,000 VND', '6,000,000 VND')
INSERT HoaDon VALUES('HD_055','22 : 25 ( 03/03/2022 )  -  22 : 26 ( 03/03/2022 )','KH_002','NV_001', 'P_007', '3,700,000 VND', '6,000,000 VND')
INSERT HoaDon VALUES('HD_056','22 : 25 ( 03/03/2022 )  -  22 : 26 ( 03/03/2022 )','KH_002','NV_001', 'P_007', '1,700,000 VND', '6,000,000 VND')
INSERT HoaDon VALUES('HD_057','22 : 25 ( 03/03/2022 )  -  22 : 26 ( 03/03/2022 )','KH_002','NV_001', 'P_007', '3,700,000 VND', '6,000,000 VND')
INSERT HoaDon VALUES('HD_058','22 : 25 ( 03/03/2022 )  -  22 : 26 ( 03/03/2022 )','KH_002','NV_001', 'P_007', '3,700,000 VND', '6,000,000 VND')
INSERT HoaDon VALUES('HD_059','22 : 25 ( 03/03/2022 )  -  22 : 26 ( 03/03/2022 )','KH_002','NV_001', 'P_007', '2,700,000 VND', '6,000,000 VND')
INSERT HoaDon VALUES('HD_060','22 : 25 ( 03/03/2022 )  -  22 : 26 ( 03/03/2022 )','KH_002','NV_001', 'P_007', '2,700,000 VND', '6,000,000 VND')
INSERT HoaDon VALUES('HD_061','22 : 25 ( 03/03/2022 )  -  22 : 26 ( 03/03/2022 )','KH_002','NV_001', 'P_007', '2,700,000 VND', '6,000,000 VND')
INSERT HoaDon VALUES('HD_062','22 : 25 ( 03/03/2022 )  -  22 : 26 ( 03/03/2022 )','KH_002','NV_001', 'P_007', '1,700,000 VND', '6,000,000 VND')




INSERT HoaDon VALUES('HD_071','22 : 25 ( 20/04/2022 )  -  22 : 26 ( 20/04/2022 )','KH_003','NV_001', 'P_007', '1,700,000 VND', '6,000,000 VND')
INSERT HoaDon VALUES('HD_072','22 : 25 ( 20/04/2022 )  -  22 : 26 ( 20/04/2022 )','KH_003','NV_001', 'P_007', '1,700,000 VND', '6,000,000 VND')
INSERT HoaDon VALUES('HD_073','22 : 25 ( 20/04/2022 )  -  22 : 26 ( 20/04/2022 )','KH_003','NV_001', 'P_007', '1,700,000 VND', '6,000,000 VND')
INSERT HoaDon VALUES('HD_074','22 : 25 ( 20/04/2022 )  -  22 : 26 ( 20/04/2022 )','KH_003','NV_001', 'P_007', '1,700,000 VND', '6,000,000 VND')
INSERT HoaDon VALUES('HD_075','22 : 25 ( 20/04/2022 )  -  22 : 26 ( 20/04/2022 )','KH_003','NV_001', 'P_007', '1,700,000 VND', '6,000,000 VND')
INSERT HoaDon VALUES('HD_076','22 : 25 ( 20/04/2022 )  -  22 : 26 ( 20/04/2022 )','KH_003','NV_001', 'P_007', '1,700,000 VND', '6,000,000 VND')
INSERT HoaDon VALUES('HD_077','22 : 25 ( 20/04/2022 )  -  22 : 26 ( 20/04/2022 )','KH_003','NV_001', 'P_007', '3,000,000 VND', '6,000,000 VND')
INSERT HoaDon VALUES('HD_078','22 : 25 ( 20/04/2022 )  -  22 : 26 ( 20/04/2022 )','KH_003','NV_001', 'P_007', '3,000,000 VND', '6,000,000 VND')
INSERT HoaDon VALUES('HD_079','22 : 25 ( 20/04/2022 )  -  22 : 26 ( 20/04/2022 )','KH_003','NV_001', 'P_007', '3,700,000 VND', '6,000,000 VND')
INSERT HoaDon VALUES('HD_080','22 : 25 ( 20/04/2022 )  -  22 : 26 ( 20/04/2022 )','KH_003','NV_001', 'P_007', '2,000,000 VND', '6,000,000 VND')
INSERT HoaDon VALUES('HD_081','22 : 25 ( 20/04/2022 )  -  22 : 26 ( 20/04/2022 )','KH_003','NV_001', 'P_007', '3,000,000 VND', '6,000,000 VND')
INSERT HoaDon VALUES('HD_082','22 : 25 ( 20/04/2022 )  -  22 : 26 ( 20/04/2022 )','KH_003','NV_001', 'P_007', '3,700,000 VND', '6,000,000 VND')
INSERT HoaDon VALUES('HD_083','22 : 25 ( 20/04/2022 )  -  22 : 26 ( 20/04/2022 )','KH_003','NV_001', 'P_007', '2,000,000 VND', '6,000,000 VND')
INSERT HoaDon VALUES('HD_084','22 : 25 ( 20/04/2022 )  -  22 : 26 ( 20/04/2022 )','KH_003','NV_001', 'P_007', '2,000,000 VND', '6,000,000 VND')
INSERT HoaDon VALUES('HD_085','22 : 25 ( 20/04/2022 )  -  22 : 26 ( 20/04/2022 )','KH_003','NV_001', 'P_007', '2,000,000 VND', '6,000,000 VND')
INSERT HoaDon VALUES('HD_086','22 : 25 ( 20/04/2022 )  -  22 : 26 ( 20/04/2022 )','KH_003','NV_001', 'P_007', '2,000,000 VND', '6,000,000 VND')
INSERT HoaDon VALUES('HD_087','22 : 25 ( 20/04/2022 )  -  22 : 26 ( 20/04/2022 )','KH_003','NV_001', 'P_007', '2,000,000 VND', '6,000,000 VND')



INSERT HoaDon VALUES('HD_099','22 : 25 ( 20/05/2022 )  -  22 : 26 ( 20/05/2022 )','KH_004','NV_001', 'P_007', '3,700,000 VND', '6,000,000 VND')
INSERT HoaDon VALUES('HD_100','22 : 25 ( 20/05/2022 )  -  22 : 26 ( 20/05/2022 )','KH_004','NV_001', 'P_007', '3,700,000 VND', '6,000,000 VND')
INSERT HoaDon VALUES('HD_101','22 : 25 ( 20/05/2022 )  -  22 : 26 ( 20/05/2022 )','KH_004','NV_001', 'P_007', '3,700,000 VND', '6,000,000 VND')
INSERT HoaDon VALUES('HD_102','22 : 25 ( 20/05/2022 )  -  22 : 26 ( 20/05/2022 )','KH_004','NV_001', 'P_007', '3,700,000 VND', '6,000,000 VND')
INSERT HoaDon VALUES('HD_103','22 : 25 ( 20/05/2022 )  -  22 : 26 ( 20/05/2022 )','KH_004','NV_001', 'P_007', '3,700,000 VND', '6,000,000 VND')
INSERT HoaDon VALUES('HD_104','22 : 25 ( 20/05/2022 )  -  22 : 26 ( 20/05/2022 )','KH_004','NV_001', 'P_007', '3,700,000 VND', '6,000,000 VND')
INSERT HoaDon VALUES('HD_105','22 : 25 ( 20/05/2022 )  -  22 : 26 ( 20/05/2022 )','KH_004','NV_001', 'P_007', '3,700,000 VND', '6,000,000 VND')
INSERT HoaDon VALUES('HD_106','22 : 25 ( 20/05/2022 )  -  22 : 26 ( 20/05/2022 )','KH_004','NV_001', 'P_007', '3,700,000 VND', '6,000,000 VND')
INSERT HoaDon VALUES('HD_107','22 : 25 ( 20/05/2022 )  -  22 : 26 ( 20/05/2022 )','KH_004','NV_001', 'P_007', '3,700,000 VND', '6,000,000 VND')
INSERT HoaDon VALUES('HD_108','22 : 25 ( 20/05/2022 )  -  22 : 26 ( 20/05/2022 )','KH_004','NV_001', 'P_007', '3,700,000 VND', '6,000,000 VND')
INSERT HoaDon VALUES('HD_109','22 : 25 ( 20/05/2022 )  -  22 : 26 ( 20/05/2022 )','KH_004','NV_001', 'P_007', '3,700,000 VND', '6,000,000 VND')
INSERT HoaDon VALUES('HD_110','22 : 25 ( 20/05/2022 )  -  22 : 26 ( 20/05/2022 )','KH_004','NV_001', 'P_007', '3,700,000 VND', '6,000,000 VND')
INSERT HoaDon VALUES('HD_111','22 : 25 ( 20/05/2022 )  -  22 : 26 ( 20/05/2022 )','KH_004','NV_001', 'P_007', '3,700,000 VND', '6,000,000 VND')
INSERT HoaDon VALUES('HD_112','22 : 25 ( 20/05/2022 )  -  22 : 26 ( 20/05/2022 )','KH_004','NV_001', 'P_007', '3,700,000 VND', '6,000,000 VND')
INSERT HoaDon VALUES('HD_113','22 : 25 ( 20/05/2022 )  -  22 : 26 ( 20/05/2022 )','KH_004','NV_001', 'P_007', '3,700,000 VND', '6,000,000 VND')




INSERT HoaDon VALUES('HD_114','22 : 25 ( 07/06/2022 )  -  22 : 26 ( 07/06/2022 )','KH_004','NV_001', 'P_007', '3,700,000 VND', '6,000,000 VND')
INSERT HoaDon VALUES('HD_115','22 : 25 ( 07/06/2022 )  -  22 : 26 ( 07/06/2022 )','KH_004','NV_001', 'P_007', '3,700,000 VND', '6,000,000 VND')
INSERT HoaDon VALUES('HD_116','22 : 25 ( 07/06/2022 )  -  22 : 26 ( 07/06/2022 )','KH_004','NV_001', 'P_007', '3,700,000 VND', '6,000,000 VND')
INSERT HoaDon VALUES('HD_117','22 : 25 ( 07/06/2022 )  -  22 : 26 ( 07/06/2022 )','KH_004','NV_001', 'P_007', '1,700,000 VND', '6,000,000 VND')
INSERT HoaDon VALUES('HD_118','22 : 25 ( 07/06/2022 )  -  22 : 26 ( 07/06/2022 )','KH_004','NV_001', 'P_007', '1,700,000 VND', '6,000,000 VND')
INSERT HoaDon VALUES('HD_119','22 : 25 ( 07/06/2022 )  -  22 : 26 ( 07/06/2022 )','KH_004','NV_001', 'P_007', '1,700,000 VND', '6,000,000 VND')
INSERT HoaDon VALUES('HD_120','22 : 25 ( 07/06/2022 )  -  22 : 26 ( 07/06/2022 )','KH_004','NV_001', 'P_007', '2,700,000 VND', '6,000,000 VND')
INSERT HoaDon VALUES('HD_121','22 : 25 ( 07/06/2022 )  -  22 : 26 ( 07/06/2022 )','KH_004','NV_001', 'P_007', '2,700,000 VND', '6,000,000 VND')
INSERT HoaDon VALUES('HD_122','22 : 25 ( 07/06/2022 )  -  22 : 26 ( 07/06/2022 )','KH_004','NV_001', 'P_007', '2,700,000 VND', '6,000,000 VND')
INSERT HoaDon VALUES('HD_123','22 : 25 ( 07/06/2022 )  -  22 : 26 ( 07/06/2022 )','KH_004','NV_001', 'P_007', '2,700,000 VND', '6,000,000 VND')
INSERT HoaDon VALUES('HD_124','22 : 25 ( 07/06/2022 )  -  22 : 26 ( 07/06/2022 )','KH_004','NV_001', 'P_007', '2,700,000 VND', '6,000,000 VND')
INSERT HoaDon VALUES('HD_125','22 : 25 ( 07/06/2022 )  -  22 : 26 ( 07/06/2022 )','KH_004','NV_001', 'P_007', '2,700,000 VND', '6,000,000 VND')
INSERT HoaDon VALUES('HD_126','22 : 25 ( 07/06/2022 )  -  22 : 26 ( 07/06/2022 )','KH_004','NV_001', 'P_007', '1,700,000 VND', '6,000,000 VND')





INSERT HoaDon VALUES('HD_137','22 : 25 ( 23/07/2022 )  -  22 : 26 ( 23/07/2022 )','KH_005','NV_001', 'P_007', '2,700,000 VND', '6,000,000 VND')
INSERT HoaDon VALUES('HD_138','22 : 25 ( 23/07/2022 )  -  22 : 26 ( 23/07/2022 )','KH_005','NV_001', 'P_007', '2,700,000 VND', '6,000,000 VND')
INSERT HoaDon VALUES('HD_139','22 : 25 ( 23/07/2022 )  -  22 : 26 ( 23/07/2022 )','KH_005','NV_001', 'P_007', '2,700,000 VND', '6,000,000 VND')
INSERT HoaDon VALUES('HD_140','22 : 25 ( 23/07/2022 )  -  22 : 26 ( 23/07/2022 )','KH_005','NV_001', 'P_007', '2,700,000 VND', '6,000,000 VND')
INSERT HoaDon VALUES('HD_141','22 : 25 ( 23/07/2022 )  -  22 : 26 ( 23/07/2022 )','KH_005','NV_001', 'P_007', '2,700,000 VND', '6,000,000 VND')
INSERT HoaDon VALUES('HD_142','22 : 25 ( 23/07/2022 )  -  22 : 26 ( 23/07/2022 )','KH_005','NV_001', 'P_007', '2,700,000 VND', '6,000,000 VND')
INSERT HoaDon VALUES('HD_143','22 : 25 ( 23/07/2022 )  -  22 : 26 ( 23/07/2022 )','KH_005','NV_001', 'P_007', '3,700,000 VND', '6,000,000 VND')
INSERT HoaDon VALUES('HD_144','22 : 25 ( 23/07/2022 )  -  22 : 26 ( 23/07/2022 )','KH_005','NV_001', 'P_007', '3,700,000 VND', '6,000,000 VND')
INSERT HoaDon VALUES('HD_145','22 : 25 ( 23/07/2022 )  -  22 : 26 ( 23/07/2022 )','KH_005','NV_001', 'P_007', '2,700,000 VND', '6,000,000 VND')
INSERT HoaDon VALUES('HD_146','22 : 25 ( 23/07/2022 )  -  22 : 26 ( 23/07/2022 )','KH_005','NV_001', 'P_007', '2,700,000 VND', '6,000,000 VND')
INSERT HoaDon VALUES('HD_147','22 : 25 ( 23/07/2022 )  -  22 : 26 ( 23/07/2022 )','KH_005','NV_001', 'P_007', '2,700,000 VND', '6,000,000 VND')
INSERT HoaDon VALUES('HD_148','22 : 25 ( 23/07/2022 )  -  22 : 26 ( 23/07/2022 )','KH_005','NV_001', 'P_007', '2,700,000 VND', '6,000,000 VND')
INSERT HoaDon VALUES('HD_149','22 : 25 ( 23/07/2022 )  -  22 : 26 ( 23/07/2022 )','KH_005','NV_001', 'P_007', '2,700,000 VND', '6,000,000 VND')
INSERT HoaDon VALUES('HD_150','22 : 25 ( 23/07/2022 )  -  22 : 26 ( 23/07/2022 )','KH_005','NV_001', 'P_007', '2,700,000 VND', '6,000,000 VND')
INSERT HoaDon VALUES('HD_151','22 : 25 ( 23/07/2022 )  -  22 : 26 ( 23/07/2022 )','KH_005','NV_001', 'P_007', '2,700,000 VND', '6,000,000 VND')
INSERT HoaDon VALUES('HD_152','22 : 25 ( 23/07/2022 )  -  22 : 26 ( 23/07/2022 )','KH_005','NV_001', 'P_007', '3,700,000 VND', '6,000,000 VND')
INSERT HoaDon VALUES('HD_153','22 : 25 ( 23/07/2022 )  -  22 : 26 ( 23/07/2022 )','KH_005','NV_001', 'P_007', '2,700,000 VND', '6,000,000 VND')

INSERT HoaDon VALUES('HD_166','22 : 25 ( 07/08/2022 )  -  22 : 26 ( 07/08/2022 )','KH_004','NV_008', 'P_005', '1,700,000 VND', '8,000,000 VND')
INSERT HoaDon VALUES('HD_167','22 : 25 ( 07/08/2022 )  -  22 : 26 ( 07/08/2022 )','KH_005','NV_002', 'P_008', '1,700,000 VND', '8,000,000 VND')
INSERT HoaDon VALUES('HD_168','22 : 25 ( 07/08/2022 )  -  22 : 26 ( 07/08/2022 )','KH_005','NV_003', 'P_008', '1,700,000 VND', '8,000,000 VND')
INSERT HoaDon VALUES('HD_169','22 : 25 ( 07/08/2022 )  -  22 : 26 ( 07/08/2022 )','KH_003','NV_004', 'P_005', '1,700,000 VND', '8,000,000 VND')
INSERT HoaDon VALUES('HD_170','22 : 25 ( 07/08/2022 )  -  22 : 26 ( 07/08/2022 )','KH_002','NV_005', 'P_008', '1,700,000 VND', '8,000,000 VND')
INSERT HoaDon VALUES('HD_171','22 : 25 ( 07/08/2022 )  -  22 : 26 ( 07/08/2022 )','KH_002','NV_005', 'P_011', '1,700,000 VND', '8,000,000 VND')
INSERT HoaDon VALUES('HD_172','22 : 25 ( 07/08/2022 )  -  22 : 26 ( 07/08/2022 )','KH_002','NV_005', 'P_012', '1,700,000 VND', '8,000,000 VND')
INSERT HoaDon VALUES('HD_173','22 : 25 ( 07/08/2022 )  -  22 : 26 ( 07/08/2022 )','KH_002','NV_005', 'P_013', '1,700,000 VND', '8,000,000 VND')
INSERT HoaDon VALUES('HD_174','22 : 25 ( 07/08/2022 )  -  22 : 26 ( 07/08/2022 )','KH_003','NV_005', 'P_014', '1,700,000 VND', '8,000,000 VND')
INSERT HoaDon VALUES('HD_175','22 : 25 ( 07/08/2022 )  -  22 : 26 ( 07/08/2022 )','KH_004','NV_005', 'P_015', '1,700,000 VND', '8,000,000 VND')
INSERT HoaDon VALUES('HD_176','22 : 25 ( 07/08/2022 )  -  22 : 26 ( 07/08/2022 )','KH_004','NV_008', 'P_005', '1,700,000 VND', '8,000,000 VND')
INSERT HoaDon VALUES('HD_177','22 : 25 ( 07/08/2022 )  -  22 : 26 ( 07/08/2022 )','KH_005','NV_002', 'P_008', '1,700,000 VND', '8,000,000 VND')
INSERT HoaDon VALUES('HD_178','22 : 25 ( 07/08/2022 )  -  22 : 26 ( 07/08/2022 )','KH_005','NV_003', 'P_008', '1,700,000 VND', '8,000,000 VND')
INSERT HoaDon VALUES('HD_179','22 : 25 ( 07/08/2022 )  -  22 : 26 ( 07/08/2022 )','KH_003','NV_004', 'P_005', '1,700,000 VND', '8,000,000 VND')
INSERT HoaDon VALUES('HD_180','22 : 25 ( 07/08/2022 )  -  22 : 26 ( 07/08/2022 )','KH_002','NV_005', 'P_008', '1,700,000 VND', '8,000,000 VND')


INSERT HoaDon VALUES('HD_196','22 : 25 ( 07/09/2022 )  -  22 : 26 ( 07/09/2022 )','KH_004','NV_009', 'P_005', '1,700,000 VND', '8,000,000 VND')
INSERT HoaDon VALUES('HD_197','22 : 25 ( 07/09/2022 )  -  22 : 26 ( 07/09/2022 )','KH_005','NV_002', 'P_009', '1,700,000 VND', '8,000,000 VND')
INSERT HoaDon VALUES('HD_198','22 : 25 ( 07/09/2022 )  -  22 : 26 ( 07/09/2022 )','KH_005','NV_003', 'P_009', '1,700,000 VND', '8,000,000 VND')
INSERT HoaDon VALUES('HD_199','22 : 25 ( 07/09/2022 )  -  22 : 26 ( 07/09/2022 )','KH_003','NV_004', 'P_005', '1,700,000 VND', '8,000,000 VND')
INSERT HoaDon VALUES('HD_200','22 : 25 ( 07/09/2022 )  -  22 : 26 ( 07/09/2022 )','KH_002','NV_005', 'P_009', '1,700,000 VND', '8,000,000 VND')
INSERT HoaDon VALUES('HD_201','22 : 25 ( 07/09/2022 )  -  22 : 26 ( 07/09/2022 )','KH_002','NV_005', 'P_011', '1,700,000 VND', '8,000,000 VND')
INSERT HoaDon VALUES('HD_202','22 : 25 ( 07/09/2022 )  -  22 : 26 ( 07/09/2022 )','KH_002','NV_005', 'P_012', '1,700,000 VND', '8,000,000 VND')
INSERT HoaDon VALUES('HD_203','22 : 25 ( 07/09/2022 )  -  22 : 26 ( 07/09/2022 )','KH_002','NV_005', 'P_013', '1,700,000 VND', '8,000,000 VND')
INSERT HoaDon VALUES('HD_204','22 : 25 ( 07/09/2022 )  -  22 : 26 ( 07/09/2022 )','KH_003','NV_005', 'P_014', '1,700,000 VND', '8,000,000 VND')
INSERT HoaDon VALUES('HD_205','22 : 25 ( 07/09/2022 )  -  22 : 26 ( 07/09/2022 )','KH_004','NV_005', 'P_015', '1,700,000 VND', '8,000,000 VND')
INSERT HoaDon VALUES('HD_206','22 : 25 ( 07/09/2022 )  -  22 : 26 ( 07/09/2022 )','KH_004','NV_009', 'P_005', '1,700,000 VND', '8,000,000 VND')
INSERT HoaDon VALUES('HD_207','22 : 25 ( 07/09/2022 )  -  22 : 26 ( 07/09/2022 )','KH_005','NV_002', 'P_009', '1,700,000 VND', '8,000,000 VND')
INSERT HoaDon VALUES('HD_209','22 : 25 ( 07/09/2022 )  -  22 : 26 ( 07/09/2022 )','KH_005','NV_003', 'P_009', '1,700,000 VND', '8,000,000 VND')
INSERT HoaDon VALUES('HD_210','22 : 25 ( 07/09/2022 )  -  22 : 26 ( 07/09/2022 )','KH_002','NV_005', 'P_009', '1,700,000 VND', '8,000,000 VND')
INSERT HoaDon VALUES('HD_211','22 : 25 ( 07/09/2022 )  -  22 : 26 ( 07/09/2022 )','KH_002','NV_005', 'P_011', '1,700,000 VND', '8,000,000 VND')
INSERT HoaDon VALUES('HD_212','22 : 25 ( 07/09/2022 )  -  22 : 26 ( 07/09/2022 )','KH_002','NV_005', 'P_012', '1,700,000 VND', '8,000,000 VND')
INSERT HoaDon VALUES('HD_213','22 : 25 ( 07/09/2022 )  -  22 : 26 ( 07/09/2022 )','KH_002','NV_005', 'P_013', '1,700,000 VND', '8,000,000 VND')
INSERT HoaDon VALUES('HD_214','22 : 25 ( 07/09/2022 )  -  22 : 26 ( 07/09/2022 )','KH_003','NV_005', 'P_014', '1,700,000 VND', '8,000,000 VND')
INSERT HoaDon VALUES('HD_215','22 : 25 ( 07/09/2022 )  -  22 : 26 ( 07/09/2022 )','KH_004','NV_005', 'P_015', '1,700,000 VND', '8,000,000 VND')
INSERT HoaDon VALUES('HD_216','22 : 25 ( 07/09/2022 )  -  22 : 26 ( 07/09/2022 )','KH_004','NV_009', 'P_005', '1,700,000 VND', '8,000,000 VND')
INSERT HoaDon VALUES('HD_217','22 : 25 ( 07/09/2022 )  -  22 : 26 ( 07/09/2022 )','KH_005','NV_002', 'P_009', '1,700,000 VND', '8,000,000 VND')
INSERT HoaDon VALUES('HD_218','22 : 25 ( 07/09/2022 )  -  22 : 26 ( 07/09/2022 )','KH_005','NV_003', 'P_009', '2,700,000 VND', '8,000,000 VND')
INSERT HoaDon VALUES('HD_219','22 : 25 ( 07/09/2022 )  -  22 : 26 ( 07/09/2022 )','KH_003','NV_004', 'P_005', '2,700,000 VND', '8,000,000 VND')
INSERT HoaDon VALUES('HD_220','22 : 25 ( 07/09/2022 )  -  22 : 26 ( 07/09/2022 )','KH_002','NV_005', 'P_009', '2,700,000 VND', '8,000,000 VND')
INSERT HoaDon VALUES('HD_221','22 : 25 ( 07/09/2022 )  -  22 : 26 ( 07/09/2022 )','KH_002','NV_005', 'P_011', '2,700,000 VND', '8,000,000 VND')


INSERT HoaDon VALUES('HD_231','22 : 25 ( 07/10/2022 )  -  22 : 26 ( 07/10/2022 )','KH_002','NV_005', 'P_011', '1,700,000 VND', '8,000,000 VND')
INSERT HoaDon VALUES('HD_232','22 : 25 ( 07/10/2022 )  -  22 : 26 ( 07/10/2022 )','KH_002','NV_005', 'P_012', '1,700,000 VND', '8,000,000 VND')
INSERT HoaDon VALUES('HD_233','22 : 25 ( 07/10/2022 )  -  22 : 26 ( 07/10/2022 )','KH_002','NV_005', 'P_013', '1,700,000 VND', '8,000,000 VND')
INSERT HoaDon VALUES('HD_234','22 : 25 ( 07/10/2022 )  -  22 : 26 ( 07/10/2022 )','KH_003','NV_005', 'P_014', '1,700,000 VND', '8,000,000 VND')
INSERT HoaDon VALUES('HD_235','22 : 25 ( 07/10/2022 )  -  22 : 26 ( 07/10/2022 )','KH_004','NV_005', 'P_015', '1,700,000 VND', '8,000,000 VND')
INSERT HoaDon VALUES('HD_236','22 : 25 ( 07/10/2022 )  -  22 : 26 ( 07/10/2022 )','KH_004','NV_010', 'P_005', '1,700,000 VND', '8,000,000 VND')
INSERT HoaDon VALUES('HD_237','22 : 25 ( 07/10/2022 )  -  22 : 26 ( 07/10/2022 )','KH_005','NV_002', 'P_010', '1,700,000 VND', '8,000,000 VND')
INSERT HoaDon VALUES('HD_239','22 : 25 ( 07/10/2022 )  -  22 : 26 ( 07/10/2022 )','KH_005','NV_003', 'P_010', '1,700,000 VND', '8,000,000 VND')
INSERT HoaDon VALUES('HD_240','22 : 25 ( 07/10/2022 )  -  22 : 26 ( 07/10/2022 )','KH_002','NV_005', 'P_010', '1,700,000 VND', '8,000,000 VND')
INSERT HoaDon VALUES('HD_241','22 : 25 ( 07/10/2022 )  -  22 : 26 ( 07/10/2022 )','KH_002','NV_005', 'P_011', '1,700,000 VND', '8,000,000 VND')
INSERT HoaDon VALUES('HD_242','22 : 25 ( 07/10/2022 )  -  22 : 26 ( 07/10/2022 )','KH_002','NV_005', 'P_012', '1,700,000 VND', '8,000,000 VND')
INSERT HoaDon VALUES('HD_243','22 : 25 ( 07/10/2022 )  -  22 : 26 ( 07/10/2022 )','KH_002','NV_005', 'P_013', '1,700,000 VND', '8,000,000 VND')
INSERT HoaDon VALUES('HD_244','22 : 25 ( 07/10/2022 )  -  22 : 26 ( 07/10/2022 )','KH_003','NV_005', 'P_014', '1,700,000 VND', '8,000,000 VND')
INSERT HoaDon VALUES('HD_245','22 : 25 ( 07/10/2022 )  -  22 : 26 ( 07/10/2022 )','KH_004','NV_005', 'P_015', '1,700,000 VND', '8,000,000 VND')
INSERT HoaDon VALUES('HD_246','22 : 25 ( 07/10/2022 )  -  22 : 26 ( 07/10/2022 )','KH_004','NV_010', 'P_005', '1,700,000 VND', '8,000,000 VND')
INSERT HoaDon VALUES('HD_247','22 : 25 ( 07/10/2022 )  -  22 : 26 ( 07/10/2022 )','KH_005','NV_002', 'P_010', '1,700,000 VND', '8,000,000 VND')
INSERT HoaDon VALUES('HD_248','22 : 25 ( 07/10/2022 )  -  22 : 26 ( 07/10/2022 )','KH_005','NV_003', 'P_010', '2,700,000 VND', '8,000,000 VND')
INSERT HoaDon VALUES('HD_249','22 : 25 ( 07/10/2022 )  -  22 : 26 ( 07/10/2022 )','KH_003','NV_004', 'P_005', '2,700,000 VND', '8,000,000 VND')
INSERT HoaDon VALUES('HD_250','22 : 25 ( 07/10/2022 )  -  22 : 26 ( 07/10/2022 )','KH_002','NV_005', 'P_010', '2,700,000 VND', '8,000,000 VND')
INSERT HoaDon VALUES('HD_251','22 : 25 ( 07/10/2022 )  -  22 : 26 ( 07/10/2022 )','KH_002','NV_005', 'P_011', '2,700,000 VND', '8,000,000 VND')
INSERT HoaDon VALUES('HD_252','22 : 25 ( 07/10/2022 )  -  22 : 26 ( 07/10/2022 )','KH_002','NV_005', 'P_012', '2,700,000 VND', '8,000,000 VND')
INSERT HoaDon VALUES('HD_253','22 : 25 ( 07/10/2022 )  -  22 : 26 ( 07/10/2022 )','KH_002','NV_005', 'P_013', '2,700,000 VND', '8,000,000 VND')
INSERT HoaDon VALUES('HD_254','22 : 25 ( 07/10/2022 )  -  22 : 26 ( 07/10/2022 )','KH_003','NV_005', 'P_014', '2,700,000 VND', '8,000,000 VND')

INSERT HoaDon VALUES('HD_271','22 : 25 ( 07/11/2022 )  -  22 : 26 ( 07/11/2022 )','KH_002','NV_005', 'P_011', '1,700,000 VND', '8,000,000 VND')
INSERT HoaDon VALUES('HD_272','22 : 25 ( 07/11/2022 )  -  22 : 26 ( 07/11/2022 )','KH_002','NV_005', 'P_012', '1,700,000 VND', '8,000,000 VND')
INSERT HoaDon VALUES('HD_273','22 : 25 ( 07/11/2022 )  -  22 : 26 ( 07/11/2022 )','KH_002','NV_005', 'P_013', '1,700,000 VND', '8,000,000 VND')
INSERT HoaDon VALUES('HD_274','22 : 25 ( 07/11/2022 )  -  22 : 26 ( 07/11/2022 )','KH_003','NV_005', 'P_014', '1,700,000 VND', '8,000,000 VND')
INSERT HoaDon VALUES('HD_275','22 : 25 ( 07/11/2022 )  -  22 : 26 ( 07/11/2022 )','KH_004','NV_005', 'P_015', '1,700,000 VND', '8,000,000 VND')
INSERT HoaDon VALUES('HD_276','22 : 25 ( 07/11/2022 )  -  22 : 26 ( 07/11/2022 )','KH_004','NV_011', 'P_005', '1,700,000 VND', '8,000,000 VND')
INSERT HoaDon VALUES('HD_277','22 : 25 ( 07/11/2022 )  -  22 : 26 ( 07/11/2022 )','KH_005','NV_002', 'P_011', '1,700,000 VND', '8,000,000 VND')
INSERT HoaDon VALUES('HD_278','22 : 25 ( 07/11/2022 )  -  22 : 26 ( 07/11/2022 )','KH_005','NV_003', 'P_011', '1,700,000 VND', '8,000,000 VND')
INSERT HoaDon VALUES('HD_279','22 : 25 ( 07/11/2022 )  -  22 : 26 ( 07/11/2022 )','KH_005','NV_003', 'P_011', '1,700,000 VND', '8,000,000 VND')
INSERT HoaDon VALUES('HD_280','22 : 25 ( 07/11/2022 )  -  22 : 26 ( 07/11/2022 )','KH_002','NV_005', 'P_011', '1,700,000 VND', '8,000,000 VND')
INSERT HoaDon VALUES('HD_281','22 : 25 ( 07/11/2022 )  -  22 : 26 ( 07/11/2022 )','KH_002','NV_005', 'P_011', '1,700,000 VND', '8,000,000 VND')
INSERT HoaDon VALUES('HD_282','22 : 25 ( 07/11/2022 )  -  22 : 26 ( 07/11/2022 )','KH_002','NV_005', 'P_012', '1,700,000 VND', '8,000,000 VND')
INSERT HoaDon VALUES('HD_283','22 : 25 ( 07/11/2022 )  -  22 : 26 ( 07/11/2022 )','KH_002','NV_005', 'P_013', '1,700,000 VND', '8,000,000 VND')
INSERT HoaDon VALUES('HD_284','22 : 25 ( 07/11/2022 )  -  22 : 26 ( 07/11/2022 )','KH_003','NV_005', 'P_014', '1,700,000 VND', '8,000,000 VND')
INSERT HoaDon VALUES('HD_285','22 : 25 ( 07/11/2022 )  -  22 : 26 ( 07/11/2022 )','KH_004','NV_005', 'P_015', '1,700,000 VND', '8,000,000 VND')
INSERT HoaDon VALUES('HD_286','22 : 25 ( 07/10/2022 )  -  22 : 26 ( 07/10/2022 )','KH_004','NV_010', 'P_005', '1,700,000 VND', '8,000,000 VND')
INSERT HoaDon VALUES('HD_287','22 : 25 ( 07/11/2022 )  -  22 : 26 ( 07/11/2022 )','KH_005','NV_002', 'P_011', '1,700,000 VND', '8,000,000 VND')
INSERT HoaDon VALUES('HD_288','22 : 25 ( 07/11/2022 )  -  22 : 26 ( 07/11/2022 )','KH_005','NV_003', 'P_011', '2,700,000 VND', '8,000,000 VND')
INSERT HoaDon VALUES('HD_289','22 : 25 ( 07/11/2022 )  -  22 : 26 ( 07/11/2022 )','KH_003','NV_004', 'P_005', '2,700,000 VND', '8,000,000 VND')
INSERT HoaDon VALUES('HD_290','22 : 25 ( 07/11/2022 )  -  22 : 26 ( 07/11/2022 )','KH_002','NV_005', 'P_011', '2,700,000 VND', '8,000,000 VND')
INSERT HoaDon VALUES('HD_291','22 : 25 ( 07/11/2022 )  -  22 : 26 ( 07/11/2022 )','KH_002','NV_005', 'P_011', '2,700,000 VND', '8,000,000 VND')
INSERT HoaDon VALUES('HD_292','22 : 25 ( 07/11/2022 )  -  22 : 26 ( 07/11/2022 )','KH_002','NV_005', 'P_012', '2,700,000 VND', '8,000,000 VND')
INSERT HoaDon VALUES('HD_293','22 : 25 ( 07/11/2022 )  -  22 : 26 ( 07/11/2022 )','KH_002','NV_005', 'P_013', '2,700,000 VND', '8,000,000 VND')
INSERT HoaDon VALUES('HD_294','22 : 25 ( 07/11/2022 )  -  22 : 26 ( 07/11/2022 )','KH_003','NV_005', 'P_014', '2,700,000 VND', '8,000,000 VND')
INSERT HoaDon VALUES('HD_295','22 : 25 ( 07/11/2022 )  -  22 : 26 ( 07/11/2022 )','KH_004','NV_005', 'P_015', '2,700,000 VND', '8,000,000 VND')
INSERT HoaDon VALUES('HD_296','22 : 25 ( 07/11/2022 )  -  22 : 26 ( 07/11/2022 )','KH_002','NV_005', 'P_011', '2,700,000 VND', '8,000,000 VND')
INSERT HoaDon VALUES('HD_297','22 : 25 ( 07/11/2022 )  -  22 : 26 ( 07/11/2022 )','KH_002','NV_005', 'P_012', '2,700,000 VND', '8,000,000 VND')
INSERT HoaDon VALUES('HD_298','22 : 25 ( 07/11/2022 )  -  22 : 26 ( 07/11/2022 )','KH_002','NV_005', 'P_013', '1,700,000 VND', '8,000,000 VND')
INSERT HoaDon VALUES('HD_299','22 : 25 ( 07/11/2022 )  -  22 : 26 ( 07/11/2022 )','KH_003','NV_005', 'P_014', '1,700,000 VND', '8,000,000 VND')

INSERT HoaDon VALUES('HD_311','22 : 25 ( 07/12/2022 )  -  22 : 26 ( 07/12/2022 )','KH_002','NV_005', 'P_012', '3,700,000 VND', '8,000,000 VND')
INSERT HoaDon VALUES('HD_312','22 : 25 ( 07/12/2022 )  -  22 : 26 ( 07/12/2022 )','KH_002','NV_005', 'P_012', '3,700,000 VND', '8,000,000 VND')
INSERT HoaDon VALUES('HD_313','22 : 25 ( 07/12/2022 )  -  22 : 26 ( 07/12/2022 )','KH_002','NV_005', 'P_013', '3,700,000 VND', '8,000,000 VND')
INSERT HoaDon VALUES('HD_314','22 : 25 ( 07/12/2022 )  -  22 : 26 ( 07/12/2022 )','KH_003','NV_005', 'P_014', '3,700,000 VND', '8,000,000 VND')
INSERT HoaDon VALUES('HD_315','22 : 25 ( 07/12/2022 )  -  22 : 26 ( 07/12/2022 )','KH_004','NV_005', 'P_015', '3,700,000 VND', '8,000,000 VND')
INSERT HoaDon VALUES('HD_316','22 : 25 ( 07/12/2022 )  -  22 : 26 ( 07/12/2022 )','KH_004','NV_012', 'P_005', '3,700,000 VND', '8,000,000 VND')
INSERT HoaDon VALUES('HD_317','22 : 25 ( 07/12/2022 )  -  22 : 26 ( 07/12/2022 )','KH_005','NV_002', 'P_012', '3,700,000 VND', '8,000,000 VND')
INSERT HoaDon VALUES('HD_318','22 : 25 ( 07/12/2022 )  -  22 : 26 ( 07/12/2022 )','KH_005','NV_003', 'P_012', '3,700,000 VND', '8,000,000 VND')
INSERT HoaDon VALUES('HD_319','22 : 25 ( 07/12/2022 )  -  22 : 26 ( 07/12/2022 )','KH_005','NV_003', 'P_012', '3,700,000 VND', '8,000,000 VND')
INSERT HoaDon VALUES('HD_320','22 : 25 ( 07/12/2022 )  -  22 : 26 ( 07/12/2022 )','KH_002','NV_005', 'P_012', '3,700,000 VND', '8,000,000 VND')
INSERT HoaDon VALUES('HD_321','22 : 25 ( 07/12/2022 )  -  22 : 26 ( 07/12/2022 )','KH_002','NV_005', 'P_012', '3,700,000 VND', '8,000,000 VND')
INSERT HoaDon VALUES('HD_322','22 : 25 ( 07/12/2022 )  -  22 : 26 ( 07/12/2022 )','KH_002','NV_005', 'P_012', '3,700,000 VND', '8,000,000 VND')
INSERT HoaDon VALUES('HD_323','22 : 25 ( 07/12/2022 )  -  22 : 26 ( 07/12/2022 )','KH_002','NV_005', 'P_013', '3,700,000 VND', '8,000,000 VND')
INSERT HoaDon VALUES('HD_324','22 : 25 ( 07/12/2022 )  -  22 : 26 ( 07/12/2022 )','KH_003','NV_005', 'P_014', '3,700,000 VND', '8,000,000 VND')
INSERT HoaDon VALUES('HD_325','22 : 25 ( 07/12/2022 )  -  22 : 26 ( 07/12/2022 )','KH_004','NV_005', 'P_015', '3,700,000 VND', '8,000,000 VND')
INSERT HoaDon VALUES('HD_326','22 : 25 ( 07/10/2022 )  -  22 : 26 ( 07/10/2022 )','KH_004','NV_010', 'P_005', '3,700,000 VND', '8,000,000 VND')
INSERT HoaDon VALUES('HD_327','22 : 25 ( 07/12/2022 )  -  22 : 26 ( 07/12/2022 )','KH_005','NV_002', 'P_012', '3,700,000 VND', '8,000,000 VND')
INSERT HoaDon VALUES('HD_328','22 : 25 ( 07/12/2022 )  -  22 : 26 ( 07/12/2022 )','KH_005','NV_003', 'P_012', '2,700,000 VND', '8,000,000 VND')
INSERT HoaDon VALUES('HD_329','22 : 25 ( 07/12/2022 )  -  22 : 26 ( 07/12/2022 )','KH_003','NV_004', 'P_005', '2,700,000 VND', '8,000,000 VND')
INSERT HoaDon VALUES('HD_330','22 : 25 ( 07/12/2022 )  -  22 : 26 ( 07/12/2022 )','KH_002','NV_005', 'P_012', '2,700,000 VND', '8,000,000 VND')
INSERT HoaDon VALUES('HD_331','22 : 25 ( 07/12/2022 )  -  22 : 26 ( 07/12/2022 )','KH_002','NV_005', 'P_012', '2,700,000 VND', '8,000,000 VND')






